"Datum","Bericht"
"2001-04-20",Online Poster bei CIPRA.org
"2016-12-19",Facebook: Weihnachtsgruß
"2017-02-10",offizieller Start Crowdsourcing (Facebook-Post)
"2017-02-28",VerbaAlpina Champion 2/17
"2017-03-14",Facebook: Promovideo
"2017-03-17",Artikel auf bergwelten.com
"2017-03-27",Artikel auf zalp.ch
"2017-03-30",Facebook: 3000 Belege
"2017-04-01",VerbaAlpina Champion 3/17
"2017-04-04",www.milchhandwerk.info
"2017-04-11",Interview BR
"2017-04-20",Facebook: neuer Flyer
"2017-05-01",VerbaAlpina Champion 4/17
"2017-05-13",Facebook: 4000 Belege
"2017-05-15",Artikel auf lmu.de
"2017-05-16",Facebook: beste Gemeinde
"2017-05-20",Interview ORF
"2017-05-23","Artikel in ""Der Bote"""
"2017-06-29",Facebook: französischer Spitzenreiter
"2017-10-07",Vortrag Bayerischer Almbauerntag
"2017-12-04","Beitrag in der Facebook-Gruppe ""Allevatori italiani"""
"2017-12-05","Beitrag in der Facebook-Gruppe ""Solo alpeggio"""
"2017-12-27",Vortrag in Sils-Maria
"2018-02-16",Vortrag beim Almlehrkurs in Bad Feilnbach
"2018-02-23","Artikel in ""Anzeiger von Saanen"""
"2018-04-27",Dialekt Themenwoche im BR
"2018-06-10",Interview Radio Regenbogen
"2018-06-19","Artikel auf rosenheim24.de"
"2018-06-20",Post auf Reddit.com/austria
"2018-07-02",Post auf Reddit.com/france und Reddit.com/schweiz
"2018-09-25",Artikel Zeitschrift Tegernseer Tal
"2018-10-23",Artikel auf tourentipp.de
"2019-02-21","Bayern2 ""Tagesgespräch"""
"2019-07-23",Vorschau auf lausc.it
"2019-07-24",Artikel im Corriere delle Alpi 
"2019-07-26",Artikel in der La Usc di Ladins
"2019-07-30",Bericht auf www.brennerbasisdemokratie.eu
"2019-08-02",Flyer-Verteilung im Rosengarten/Catinaccio
"2019-08-04",Artikel im Il Gazzettino di Belluno 
"2019-08-08","Beitrag auf Web- und Facebookseite von ""DDolomiti-Custodi del Territorio"""
"2019-08-09","Beitrag auf Web- und Facebookseite von ""Servizio Minoranze Linguistiche - Provincia Autonoma di Trento"
"2019-08-23",Artikel im L'Adige - Quotidiano indipendente del Trentino Alto Adige
"2019-08-24",Flyer-Verteilung in Colle S. Lucia
"2019-08-31",Flyer-Verteilung bei Poetry Slam St. Ulrich in Gröden
